{
  "lang":"tr",
  "name":"pipeline",
  "version":"0.0.0",
  "spacy_version":">=3.4.4,<3.5.0",
  "description":"",
  "author":"",
  "email":"",
  "url":"",
  "license":"",
  "spacy_git_version":"77833bfef",
  "vectors":{
    "width":0,
    "vectors":0,
    "keys":0,
    "name":null,
    "mode":"default"
  },
  "labels":{
    "tok2vec":[

    ],
    "parser":[
      "ROOT",
      "acl",
      "advmod",
      "advmod:emph",
      "amod",
      "appos",
      "aux:q",
      "case",
      "cc",
      "compound",
      "compound:lvc",
      "compound:redup",
      "conj",
      "cop",
      "dep",
      "det",
      "discourse",
      "flat",
      "mark",
      "nmod",
      "nmod:poss",
      "nsubj",
      "nummod",
      "obj",
      "obl",
      "punct"
    ]
  },
  "pipeline":[
    "tok2vec",
    "parser"
  ],
  "components":[
    "tok2vec",
    "parser"
  ],
  "disabled":[

  ],
  "performance":{
    "dep_uas":0.5375123396,
    "dep_las":0.3916584403,
    "dep_las_per_type":{
      "root":{
        "p":0.6374085684,
        "r":0.6174089069,
        "f":0.6272493573
      },
      "nmod:poss":{
        "p":0.4222797927,
        "r":0.560137457,
        "f":0.4815361891
      },
      "nsubj":{
        "p":0.3685897436,
        "r":0.1731927711,
        "f":0.2356557377
      },
      "conj":{
        "p":0.2352150538,
        "r":0.2569750367,
        "f":0.2456140351
      },
      "amod":{
        "p":0.37109375,
        "r":0.347985348,
        "f":0.359168242
      },
      "obj":{
        "p":0.4108352144,
        "r":0.4821192053,
        "f":0.4436319317
      },
      "csubj":{
        "p":0.0,
        "r":0.0,
        "f":0.0
      },
      "cop":{
        "p":0.3333333333,
        "r":0.0070921986,
        "f":0.0138888889
      },
      "obl":{
        "p":0.2894248609,
        "r":0.4291609354,
        "f":0.3457063712
      },
      "compound":{
        "p":0.3120567376,
        "r":0.1218836565,
        "f":0.1752988048
      },
      "case":{
        "p":0.7037037037,
        "r":0.4393063584,
        "f":0.5409252669
      },
      "nmod":{
        "p":0.2235294118,
        "r":0.0283159463,
        "f":0.0502645503
      },
      "advmod":{
        "p":0.4501718213,
        "r":0.3830409357,
        "f":0.4139020537
      },
      "compound:lvc":{
        "p":0.4553571429,
        "r":0.5730337079,
        "f":0.5074626866
      },
      "acl":{
        "p":0.3114754098,
        "r":0.3991596639,
        "f":0.349907919
      },
      "det":{
        "p":0.695,
        "r":0.7393617021,
        "f":0.7164948454
      },
      "advmod:emph":{
        "p":0.7300613497,
        "r":0.7168674699,
        "f":0.7234042553
      },
      "cc":{
        "p":0.5510204082,
        "r":0.3354037267,
        "f":0.416988417
      },
      "flat":{
        "p":0.4204545455,
        "r":0.4539877301,
        "f":0.4365781711
      },
      "nummod":{
        "p":0.4117647059,
        "r":0.2592592593,
        "f":0.3181818182
      },
      "discourse":{
        "p":1.0,
        "r":0.1666666667,
        "f":0.2857142857
      },
      "dep":{
        "p":0.0,
        "r":0.0,
        "f":0.0
      },
      "appos":{
        "p":0.0,
        "r":0.0,
        "f":0.0
      },
      "aux:q":{
        "p":0.6585365854,
        "r":0.75,
        "f":0.7012987013
      },
      "ccomp":{
        "p":0.0,
        "r":0.0,
        "f":0.0
      },
      "mark":{
        "p":0.5,
        "r":0.1666666667,
        "f":0.25
      },
      "compound:redup":{
        "p":0.0,
        "r":0.0,
        "f":0.0
      },
      "fixed":{
        "p":0.0,
        "r":0.0,
        "f":0.0
      },
      "advcl":{
        "p":0.0,
        "r":0.0,
        "f":0.0
      }
    },
    "sents_p":0.9410609037,
    "sents_r":0.9696356275,
    "sents_f":0.9551345962,
    "tok2vec_loss":5472.0053872572,
    "parser_loss":26824.1256669629
  }
}